"","word","freq"
"skills","skills",393
"data","data",74
"communication","communication",68
"strong","strong",59
"will","will",48
"analytical","analytical",42
"technical","technical",35
"excellent","excellent",34
"science","science",31
"business","business",25
"learning","learning",24
"problemsolving","problemsolving",24
"analytics","analytics",21
"team","team",21
"written","written",21
"experience","experience",20
"programming","programming",19
"problem","problem",19
"solving","solving",19
"apply","apply",19
"use","use",18
"using","using",17
"statistical","statistical",17
"’ll","’ll",17
"quantitative","quantitative",17
"set","set",16
"interpersonal","interpersonal",16
"engineering","engineering",16
"sql","sql",15
"opportunity","opportunity",15
"thinking","thinking",15
"modeling","modeling",15
"advanced","advanced",14
"analysis","analysis",14
"machine","machine",13
"management","management",13
"knowledge","knowledge",13
"environment","environment",13
"company","company",13
"people","people",13
"project","project",12
"strategic","strategic",12
"expand","expand",12
"verbal","verbal",12
"need","need",12
"broad","broad",11
"problems","problems",11
"new","new",11
"techniques","techniques",10
"presentation","presentation",10
"individual","individual",10
"python","python",10
"creative","creative",10
"work","work",10
"expertise","expertise",10
"hire","hire",10
"computer","computer",9
"following","following",9
"good","good",9
"must","must",9
"offerings","offerings",9
"toring","toring",9
"ability","ability",9
"looking","looking",9
"collaboration","collaboration",9
"scientist","scientist",9
"great","great",8
"analytic","analytic",8
"statistics","statistics",8
"candidate","candidate",8
"oral","oral",8
"possess","possess",8
"develop","develop",8
"critical","critical",8
"diverse","diverse",8
"assistance","assistance",7
"provide","provide",7
"resolve","resolve",7
"predictive","predictive",7
"highly","highly",7
"position","position",7
"collaborative","collaborative",7
"effective","effective",7
"demonstrated","demonstrated",7
"want","want",7
"client","client",7
"applying","applying",7
"acumen","acumen",7
"complex","complex",7
"mining","mining",6
"research","research",6
"organizational","organizational",6
"successful","successful",6
"build","build",6
"outstanding","outstanding",6
"learn","learn",6
"models","models",6
"spark","spark",6
"solid","solid",6
"relationship","relationship",6
"player","player",6
"customer","customer",6
"developing","developing",6
"within","within",6
"expert","expert",6
"working","working",5
"mathematical","mathematical",5
"language","language",5
"teams","teams",5
"design","design",5
"first","first",5
"’ve","’ve",5
"role","role",5
"support","support",5
"java","java",5
"person","person",5
"can","can",5
"visualization","visualization",5
"interest","interest",4
"talent","talent",4
"one","one",4
"grow","grow",4
"utilizing","utilizing",4
"sets","sets",4
"backgrounds","backgrounds",4
"audience","audience",4
"requires","requires",4
"seeks","seeks",4
"ever","ever",4
"met","met",4
"ople","ople",4
"see","see",4
"also","also",4
"someone","someone",4
"teach","teach",4
"cia","cia",4
"cuttingedge","cuttingedge",4
"ddi","ddi",4
"focuses","focuses",4
"workforce","workforce",4
"candidates","candidates",4
"industry","industry",4
"hadoop","hadoop",4
"right","right",4
"mathematics","mathematics",4
"excited","excited",4
"motivated","motivated",4
"possesses","possesses",4
"part","part",4
"tools","tools",4
"seeking","seeking",4
"technology","technology",4
"tistical","tistical",3
"performance","performance",3
"responsibilities","responsibilities",3
"standards","standards",3
"ideal","ideal",3
"innovative","innovative",3
"needs","needs",3
"life","life",3
"questions","questions",3
"solve","solve",3
"insights","insights",3
"hard","hard",3
"deployment","deployment",3
"continually","continually",3
"deep","deep",3
"top","top",3
"listening","listening",3
"teamwork","teamwork",3
"unications","unications",3
"supplement","supplement",3
"mindset","mindset",3
"important","important",3
"collective","collective",3
"geared","geared",3
"nline","nline",3
"portal","portal",3
"specifically","specifically",3
"towards","towards",3
"improve","improve",3
"matters","matters",3
"services","services",3
"utilize","utilize",3
"ing","ing",3
"leadership","leadership",3
"clients","clients",3
"help","help",3
"members","members",3
"rapidly","rapidly",3
"drive","drive",3
"way","way",3
"application","application",3
"mic","mic",3
"unique","unique",3
"database","database",3
"independent","independent",3
"enjoy","enjoy",3
"addition","addition",3
"communications","communications",3
"senior","senior",3
"uantitative","uantitative",3
"demonstrate","demonstrate",3
"exceptional","exceptional",3
"appreciate","appreciate",3
"forward","forward",3
"path","path",3
"program","program",3
"example","example",3
"gurobi","gurobi",3
"hbase","hbase",3
"lapack","lapack",3
"mapreduce","mapreduce",3
"depth","depth",2
"large","large",2
"particular","particular",2
"time","time",2
"amp","amp",2
"list","list",2
"writing","writing",2
"algorithms","algorithms",2
"development","development",2
"modelingstrong","modelingstrong",2
"qualified","qualified",2
"processes","processes",2
"order","order",2
"based","based",2
"enhance","enhance",2
"growth","growth",2
"high","high",2
"analyses","analyses",2
"valuecreating","valuecreating",2
"decision","decision",2
"making","making",2
"ity","ity",2
"address","address",2
"interesting","interesting",2
"sciences","sciences",2
"thinker","thinker",2
"decisionmaking","decisionmaking",2
"along","along",2
"mind","mind",2
"make","make",2
"allowing","allowing",2
"direct","direct",2
"actionable","actionable",2
"applied","applied",2
"hive","hive",2
"query","query",2
"analysts","analysts",2
"software","software",2
"well","well",2
"balance","balance",2
"detailed","detailed",2
"execution","execution",2
"speed","speed",2
"ted","ted",2
"http","http",2
"operations","operations",2
"coding","coding",2
"product","product",2
"outcomes","outcomes",2
"technique","technique",2
"bring","bring",2
"take","take",2
"employee","employee",2
"challenging","challenging",2
"eager","eager",2
"hands","hands",2
"office","office",2
"small","small",2
"startup","startup",2
"capabilities","capabilities",2
"’re","’re",2
"excellence","excellence",2
"upon","upon",2
"whose","whose",2
"years","years",2
"pertinent","pertinent",2
"professional","professional",2
"pig","pig",2
"creativity","creativity",2
"building","building",2
"mandarin","mandarin",2
"proficient","proficient",2
"scientific","scientific",2
"computational","computational",2
"everyone","everyone",2
"gain","gain",2
"ial","ial",2
"join","join",2
"researchers","researchers",2
"understanding","understanding",2
"comfortable","comfortable",2
"toward","toward",2
"nalytical","nalytical",2
"concepts","concepts",2
"finance","finance",2
"leverage","leverage",2
"testing","testing",2
"put","put",2
"transforming","transforming",2
"process","process",2
"automation","automation",2
"pushes","pushes",2
"scale","scale",2
"side","side",2
"ghts","ghts",2
"curiosity","curiosity",2
"modelling","modelling",2
"strategy","strategy",2
"experienced","experienced",2
"least","least",2
"every","every",2
"nontechnical","nontechnical",2
"introduced","introduced",2
"improved","improved",2
"investment","investment",2
"positive","positive",2
"products","products",2
"amazed","amazed",2
"much","much",2
"tter","tter",2
"advance","advance",2
"conducting","conducting",2
"production","production",2
"nlp","nlp",2
"groom","groom",2
"handling","handling",2
"focus","focus",2
"selfmotivated","selfmotivated",2
"enable","enable",2
"individuals","individuals",2
"capable","capable",2
"sense","sense",2
"variety","variety",2
"big","big",2
"math","math",2
"manner","manner",2
"nable","nable",2
"defined","defined",2
"lyzing","lyzing",2
"best","best",2
"changing","changing",2
"dynamic","dynamic",2
"environmentstrong","environmentstrong",2
"combine","combine",2
"ternal","ternal",2
"biostatistician","biostatistician",2
"ple","ple",2
"involving","involving",2
"ethic","ethic",2
"start","start",2
"agile","agile",2
"able","able",2
"related","related",2
"relevant","relevant",2
"quickly","quickly",2
"base","base",2
"mysql","mysql",2
"programing","programing",2
"queries","queries",2
"systems","systems",2
"preferred","preferred",2
"agriculture","agriculture",2
"digital","digital",2
"require","require",2
"datacentric","datacentric",2
"exemplary","exemplary",2
"associated","associated",1
"sess","sess",1
"skill","skill",1
"datasets","datasets",1
"extract","extract",1
"ience","ience",1
"insight","insight",1
"meaningful","meaningful",1
"issues","issues",1
"studiesexcellent","studiesexcellent",1
"marketing","marketing",1
"sales","sales",1
"measurements","measurements",1
"xhaustive","xhaustive",1
"engineeringexcellent","engineeringexcellent",1
"forests","forests",1
"random","random",1
"algorithmsstrong","algorithmsstrong",1
"iquely","iquely",1
"solver","solver",1
"specialized","specialized",1
"dells","dells",1
"member","member",1
"overall","overall",1
"robust","robust",1
"programmingstrong","programmingstrong",1
"stingstrong","stingstrong",1
"add","add",1
"nextbus","nextbus",1
"platform","platform",1
"foundation","foundation",1
"object","object",1
"oriented","oriented",1
"programingstrong","programingstrong",1
"rong","rong",1
"creating","creating",1
"solutionsproblem","solutionsproblem",1
"expect","expect",1
"bigtablestrong","bigtablestrong",1
"column","column",1
"document","document",1
"google","google",1
"graph","graph",1
"mongodb","mongodb",1
"neo","neo",1
"onal","onal",1
"assigned","assigned",1
"groups","groups",1
"conceptsmust","conceptsmust",1
"tructures","tructures",1
"area","area",1
"opportunities","opportunities",1
"plenty","plenty",1
"visibility","visibility",1
"carry","carry",1
"studies","studies",1
"suiting","suiting",1
"user","user",1
"ust","ust",1
"manager’","manager’",1
"ortfolio","ortfolio",1
"respresentations","respresentations",1
"rich","rich",1
"understandings","understandings",1
"ional","ional",1
"organization","organization",1
"planning","planning",1
"code","code",1
"alytical","alytical",1
"expected","expected",1
"topflight","topflight",1
"cal","cal",1
"communicator","communicator",1
"writer","writer",1
"logmein","logmein",1
"summarize","summarize",1
"odels","odels",1
"practical","practical",1
"scalableexceptional","scalableexceptional",1
"access","access",1
"additionally","additionally",1
"soft","soft",1
"convert","convert",1
"institutional","institutional",1
"etcgood","etcgood",1
"languages","languages",1
"article","article",1
"cover","cover",1
"gamingimprovesmultitaskingskills","gamingimprovesmultitaskingskills",1
"news","news",1
"wwwnaturecom","wwwnaturecom",1
"natural","natural",1
"processing","processing",1
"researchexceptional","researchexceptional",1
"ources","ources",1
"ndset","ndset",1
"fast","fast",1
"feet","feet",1
"intuitive","intuitive",1
"paced","paced",1
"troubleshooting","troubleshooting",1
"diversity","diversity",1
"achine","achine",1
"learningskills","learningskills",1
"required","required",1
"cycle","cycle",1
"pment","pment",1
"employ","employ",1
"initiative","initiative",1
"ink","ink",1
"strategically","strategically",1
"handpicked","handpicked",1
"industry’s","industry’s",1
"lfmotivated","lfmotivated",1
"problemsexceptional","problemsexceptional",1
"lem","lem",1
"systematic","systematic",1
"criteriaadvanced","criteriaadvanced",1
"datasuccess","datasuccess",1
"erence","erence",1
"healthcare","healthcare",1
"passion","passion",1
"pytorch","pytorch",1
"theanomust","theanomust",1
"founded","founded",1
"built","built",1
"real","real",1
"reputation","reputation",1
"value","value",1
"desire","desire",1
"commitment","commitment",1
"strengthen","strengthen",1
"gathering","gathering",1
"metric","metric",1
"solutionsadvanced","solutionsadvanced",1
"clearance","clearance",1
"secret","secret",1
"security","security",1
"anticipatory","anticipatory",1
"assist","assist",1
"guide","guide",1
"mplete","mplete",1
"objective","objective",1
"clevel","clevel",1
"requiring","requiring",1
"nosql","nosql",1
"requiredgood","requiredgood",1
"approaches","approaches",1
"blend","blend",1
"ntitative","ntitative",1
"logicmatching","logicmatching",1
"solutions","solutions",1
"visualize","visualize",1
"interdisciplinary","interdisciplinary",1
"space","space",1
"reasoning","reasoning",1
"•","•",1
"attention","attention",1
"detail","detail",1
"pays","pays",1
"shows","shows",1
"apability","apability",1
"framework","framework",1
"hese","hese",1
"openings","openings",1
"lab","lab",1
"objectives","objectives",1
"english","english",1
"lent","lent",1
"spoken","spoken",1
"superb","superb",1
"iverse","iverse",1
"implement","implement",1
"timeuse","timeuse",1
"computing","computing",1
"environmentexcellent","environmentexcellent",1
"lifescience","lifescience",1
"class","class",1
"demand","demand",1
"education","education",1
"everywhere","everywhere",1
"analysesdemonstrated","analysesdemonstrated",1
"metagenomics","metagenomics",1
"contribute","contribute",1
"medical","medical",1
"nimble","nimble",1
"unmet","unmet",1
"aim","aim",1
"attract","attract",1
"engineers","engineers",1
"mature","mature",1
"credible","credible",1
"necessary","necessary",1
"projects","projects",1
"propose","propose",1
"algorithmic","algorithmic",1
"eye","eye",1
"sharp","sharp",1
"theory","theory",1
"underlying","underlying",1
"allow","allow",1
"interns","interns",1
"mentorship","mentorship",1
"realize","realize",1
"combination","combination",1
"details","details",1
"done","done",1
"queriesexcellent","queriesexcellent",1
"core","core",1
"developmentgood","developmentgood",1
"erp","erp",1
"processesstrong","processesstrong",1
"usiness","usiness",1
"abasesr","abasesr",1
"pluscommunication","pluscommunication",1
"scripting","scripting",1
"studio","studio",1
"ideas","ideas",1
"running","running",1
"another","another",1
"respect","respect",1
"show","show",1
"utmost","utmost",1
"continuous","continuous",1
"grasp","grasp",1
"learner","learner",1
"quick","quick",1
"fluid","fluid",1
"hrives","hrives",1
"world","world",1
"autonomous","autonomous",1
"commitmentexcellent","commitmentexcellent",1
"rorganized","rorganized",1
"significance","significance",1
"encourage","encourage",1
"ues","ues",1
"ncy","ncy",1
"setsstrong","setsstrong",1
"structured","structured",1
"unstructured","unstructured",1
"etary","etary",1
"hiring","hiring",1
"transform","transform",1
"understand","understand",1
"brings","brings",1
"deeper","deeper",1
"table","table",1
"fuel","fuel",1
"model","model",1
"preferredstrong","preferredstrong",1
"ntellectual","ntellectual",1
"ossess","ossess",1
"exercising","exercising",1
"fully","fully",1
"latest","latest",1
"technologies","technologies",1
"almost","almost",1
"hygiene","hygiene",1
"limitless","limitless",1
"clojuregood","clojuregood",1
"scala","scala",1
"distinct","distinct",1
"intent","intent",1
"media","media",1
"appropriatelystrong","appropriatelystrong",1
"audiences","audiences",1
"dataderived","dataderived",1
"senting","senting",1
"care","care",1
"ologies","ologies",1
"place","place",1
"analysisstrong","analysisstrong",1
"lection","lection",1
"sulting","sulting",1
"driven","driven",1
"recommendation","recommendation",1
"servicesstrong","servicesstrong",1
"researchstrong","researchstrong",1
"efficient","efficient",1
"hadoophigh","hadoophigh",1
"style","style",1
"attitude","attitude",1
"ments","ments",1
"daily","daily",1
"free","free",1
"oving","oving",1
"routine","routine",1
"reallife","reallife",1
"perience","perience",1
"etc•programming","etc•programming",1
"excel","excel",1
"macro","macro",1
"monly","monly",1
"packages","packages",1
"sas","sas",1
"used","used",1
"vba","vba",1
"languagesstrong","languagesstrong",1
"tabases","tabases",1
"thmic","thmic",1
"cultures","cultures",1
"empower","empower",1
"perspectives","perspectives",1
"drivestrong","drivestrong",1
"key","key",1
"judgment","judgment",1
"matched","matched",1
"map","map",1
"nal","nal",1
"provides","provides",1
"pwc","pwc",1
"pwcpro","pwcpro",1
"road","road",1
"ems","ems",1
"experiencestrong","experiencestrong",1
"producing","producing",1
"solutionsdesired","solutionsdesired",1
"engineer","engineer",1
"likely","likely",1
"cise","cise",1
"mannerpossess","mannerpossess",1
"codedemonstrated","codedemonstrated",1
"documented","documented",1
"legible","legible",1
"maintainable","maintainable",1
"extensive","extensive",1
"facilitation","facilitation",1
"quires","quires",1
"chatbot","chatbot",1
"include","include",1
"may","may",1
"achievers","achievers",1
"bringing","bringing",1
"leaders","leaders",1
"nike","nike",1
"visionaries","visionaries",1
"’s","’s",1
"aspirations","aspirations",1
"career","career",1
"match","match",1
"ailoriented","ailoriented",1
"analyzing","analyzing",1
"approach","approach",1
"flexible","flexible",1
"nergetic","nergetic",1
"foundations","foundations",1
"heavily","heavily",1
"relied","relied",1
"platforms","platforms",1
"prediction","prediction",1
"ummarize","ummarize",1
"visualizationsstrong","visualizationsstrong",1
"engagement","engagement",1
"iguity","iguity",1
"chine","chine",1
"learningexcellent","learningexcellent",1
"reinforcement","reinforcement",1
"beyond","beyond",1
"rent","rent",1
"stakeholders","stakeholders",1
"understood","understood",1
"hivemust","hivemust",1
"anagers","anagers",1
"domains","domains",1
"jobs","jobs",1
"responsible","responsible",1
"span","span",1
"three","three",1
"scientists","scientists",1
"stic","stic",1
"businesses","businesses",1
"revenue","revenue",1
"additional","additional",1
"iency","iency",1
"pythonoutstanding","pythonoutstanding",1
"delivering","delivering",1
"focused","focused",1
"results","results",1
"researcher","researcher",1
"create","create",1
"identify","identify",1
"initiatives","initiatives",1
"challenges","challenges",1
"ect","ect",1
"matter","matter",1
"thrives","thrives",1
"complete","complete",1
"study","study",1
"mmunication","mmunication",1
"skillsstrong","skillsstrong",1
"talented","talented",1
"prototype","prototype",1
"solutionsexcellent","solutionsexcellent",1
"softwarestrong","softwarestrong",1
"images","images",1
"analyticsposition","analyticsposition",1
"ead","ead",1
"risk","risk",1
"summary","summary",1
"accuracyturn","accuracyturn",1
"informationsharing","informationsharing",1
"useful","useful",1
"ndustry","ndustry",1
"standardsexcellent","standardsexcellent",1
"boundaries","boundaries",1
"demonstrates","demonstrates",1
"casting","casting",1
"different","different",1
"floor","floor",1
"selling","selling",1
"takes","takes",1
"talents","talents",1
"artificial","artificial",1
"intelligence","intelligence",1
"hand","hand",1
"ness","ness",1
"principal","principal",1
"vision","vision",1
"sharpen","sharpen",1
"exercise","exercise",1
"loosely","loosely",1
"ortable","ortable",1
"requirements","requirements",1
"decisions","decisions",1
"financial","financial",1
"ough","ough",1
"especially","especially",1
"everything","everything",1
"igh","igh",1
"generation","generation",1
"manufacturing","manufacturing",1
"next","next",1
"solution","solution",1
"option","option",1
"twist","twist",1
"deal","deal",1
"exhibits","exhibits",1
"interactions","interactions",1
"leagues","leagues",1
"perceive","perceive",1
"supportive","supportive",1
"improves","improves",1
"commensurate","commensurate",1
"algorithm","algorithm",1
"ertise","ertise",1
"innovate","innovate",1
"construed","construed",1
"duties","duties",1
"exhaustive","exhaustive",1
"agronomy","agronomy",1
"discipline","discipline",1
"greater","greater",1
"ives","ives",1
"qualitative","qualitative",1
"apis","apis",1
"assurance","assurance",1
"managementstrong","managementstrong",1
"present","present",1
"quality","quality",1
"ave","ave",1
"familiarity","familiarity",1
"oncology","oncology",1
"rely","rely",1
"try","try",1
"unctional","unctional",1
"ented","ented",1
"aborative","aborative",1
"like","like",1
"personalityskilled","personalityskilled",1
"pythonmachine","pythonmachine",1
"ational","ational",1
"databases","databases",1
"hql","hql",1
"bleau","bleau",1
"powerbistrong","powerbistrong",1
"ramp","ramp",1
"spotfire","spotfire",1
"mix","mix",1
"seekers","seekers",1
"ineering","ineering",1
"speak","speak",1
"commercial","commercial",1
"livering","livering",1
"productsstrong","productsstrong",1
"assessment","assessment",1
"assessmentexcellent","assessmentexcellent",1
"deas","deas",1
"via","via",1
"chance","chance",1
"push","push",1
"domoprogramming","domoprogramming",1
"periscope","periscope",1
"tableau","tableau",1
"assimilate","assimilate",1
"esses","esses",1
"ctice","ctice",1
"cations","cations",1
"less","less",1
"provided","provided",1
"requisite","requisite",1
"aws","aws",1
"cloud","cloud",1
"scienceprogramming","scienceprogramming",1
"desirablegreat","desirablegreat",1
"experiments","experiments",1
"nderstanding","nderstanding",1
"appropriate","appropriate",1
"hypotheses","hypotheses",1
"catastrophic","catastrophic",1
"disease","disease",1
"lives","lives",1
"prevent","prevent",1
"save","save",1
"ior","ior",1
"preferably","preferably",1
"analyst","analyst",1
"often","often",1
"strengths","strengths",1
"viewpoints","viewpoints",1
"coder","coder",1
"either","either",1
"routstanding","routstanding",1
"xpert","xpert",1
"erience","erience",1
"years’","years’",1
"findings","findings",1
"partners","partners",1
"contributor","contributor",1
"manager","manager",1
"experiences","experiences",1
"number","number",1
"distributions","distributions",1
"etcstrong","etcstrong",1
"ics","ics",1
"regression","regression",1
"combining","combining",1
"games","games",1
"honing","honing",1
"ugh","ugh",1
"result","result",1
"ries","ries",1
"success","success",1
"ations","ations",1
"parameters","parameters",1
"prototyping","prototyping",1
"tuning","tuning",1
"various","various",1
"bids","bids",1
"information","information",1
"leadingedge","leadingedge",1
"cyber","cyber",1
"primary","primary",1
"threats","threats",1
"tors","tors",1
"uncover","uncover",1
"self","self",1
"fieldgood","fieldgood",1
"functional","functional",1
"rieval","rieval",1
"fields","fields",1
